subreddit,permalink
Abortiondebate,/r/Abortiondebate/comments/bw3mpv/what_would_you_call_a_prochoice_person_who_is_pro/
Abortiondebate,/r/Abortiondebate/comments/c0nuf1/ivf_and_discarded_embryos/
Abortiondebate,/r/Abortiondebate/comments/cywxl9/are_single_cell_organisms_considered_to_be_a_life/
Abortiondebate,/r/Abortiondebate/comments/c77jep/for_prolifers_when_you_force_a_woman_to_go/
Abortiondebate,/r/Abortiondebate/comments/dypqdf/adoption_is_not_a_good_alternative_to_abortion/
Abortiondebate,/r/Abortiondebate/comments/d1iw9i/unpopular_opinion/
Abortiondebate,/r/Abortiondebate/comments/ckhs4c/where_did_you_learn_about_abortion_and_did_you/
Abortiondebate,/r/Abortiondebate/comments/c7c3jo/pro_choicers_would_you_still_support_my_right_to/
