subreddit,permalink
AnimalRights,/r/AnimalRights/comments/dgfq7g/its_only_499_but_costcos_rotisserie_chicken_comes/
AnimalRights,/r/AnimalRights/comments/cqh5ft/there_are_10_cats_held_in_a_cage_here_this_is_one/
AnimalRights,/r/AnimalRights/comments/dezp9j/friendly_reminder_that_today_and_tonight_hasidic/
AnimalRights,/r/AnimalRights/comments/cdjg39/speciesism_the_language_we_use_to_describe/
AnimalRights,/r/AnimalRights/comments/d61mo5/ummm_fuck_petco/
AnimalRights,/r/AnimalRights/comments/cm4nbr/hello_everyone_i_am_trying_to_post_this_on_as/
AnimalRights,/r/AnimalRights/comments/cuiykj/chinas_meatless_revolution_has_started/
AnimalRights,/r/AnimalRights/comments/d33wz7/frozen_pinkie_mice_new_to_the_sub_since_i_heard/
AnimalRights,/r/AnimalRights/comments/byrjb1/found_14_channels_on_youtube_where_they_abuse/
AnimalRights,/r/AnimalRights/comments/cp3dmt/great_american_pony_ride_am_i_the_only_one_that/
AnimalRights,/r/AnimalRights/comments/c46owg/does_anyone_know_if_lazy_5_ranch_abuses_its/
AnimalRights,/r/AnimalRights/comments/ch22fh/help_animal_rights_persevere_over_twitchs_biases/
AnimalRights,/r/AnimalRights/comments/c8xuh0/insert_title_here/
