subreddit,permalink
AntiVegan,/r/AntiVegan/comments/crtuh1/goat_heads_are_food_too/
AntiVegan,/r/AntiVegan/comments/dbh2os/just_like_bacon/
AntiVegan,/r/AntiVegan/comments/e64mpz/they_had_it_right_even_back_in_1947/
AntiVegan,/r/AntiVegan/comments/c8vwpp/we_barbecued_an_entire_chicken_on_the_charcoal/
AntiVegan,/r/AntiVegan/comments/e8ggv1/noone_wants_to_slaughter_the_animals_i_want_to/
AntiVegan,/r/AntiVegan/comments/bzzzwy/vegans_branding_themselves_like_cattle/
AntiVegan,/r/AntiVegan/comments/cw6vwk/couldnt_even_get_halfway_through/
AntiVegan,/r/AntiVegan/comments/cwhbb6/the_idiot_at_the_mexican_place_nearly_fucking/
AntiVegan,/r/AntiVegan/comments/cqcksk/hmm_what_could_it_be/
