subreddit,permalink
brealism,/r/brealism/comments/cjam8n/the_spokeswoman_confirmed_that_johnson_does_not/
brealism,/r/brealism/comments/czb3dx/house_of_commons_votes_328_to_301_to_approve_the/
brealism,/r/brealism/comments/cfbifi/iran_seizes_britishflagged_oil_tanker/
brealism,/r/brealism/comments/dpyd3s/liz_truss_the_nhs_is_not_and_never_will_be_for/
brealism,/r/brealism/comments/bxuhd4/ford_to_close_engine_plant_in_wales/
brealism,/r/brealism/comments/da6zxe/the_central_premise_of_brexit_that_europe_was/
