subreddit,permalink
CapitalismVSocialism,/r/CapitalismVSocialism/comments/cg2qln/an_argument_against_the_ethical_primacy_of_freedom/
CapitalismVSocialism,/r/CapitalismVSocialism/comments/bzspmc/the_free_labor_market_hates_a_profit/
CapitalismVSocialism,/r/CapitalismVSocialism/comments/c1zgw6/ancoms_the_nonsense_criticism_of_ancoms_to_ancaps/
CapitalismVSocialism,/r/CapitalismVSocialism/comments/cgik8n/socialists_how_is_having_a_boss_who_still_tells/
CapitalismVSocialism,/r/CapitalismVSocialism/comments/chwdng/is_it_immoralunfairdiscriminatory_to_provide/
CapitalismVSocialism,/r/CapitalismVSocialism/comments/c901ia/tesla_is_an_example_of_why_markets_work_better/
CapitalismVSocialism,/r/CapitalismVSocialism/comments/cw6ohz/socialists_what_would_be_the_ideal_governing/
CapitalismVSocialism,/r/CapitalismVSocialism/comments/c04tvr/cmv_conservatives_are_feudalists/
CapitalismVSocialism,/r/CapitalismVSocialism/comments/ch7wnu/is_foreign_lobbying_an_expected_outcome_of/
