subreddit,permalink
climatechange,/r/climatechange/comments/cdz8vd/cosmic_rays_more_important_than_co2/
climatechange,/r/climatechange/comments/dj1mw9/24hour_solar_energy_molten_salt_makes_it_possible/
climatechange,/r/climatechange/comments/d1to4u/propagation_of_error_and_the_reliability_of/
climatechange,/r/climatechange/comments/dck761/how_much_of_this_is_true/
climatechange,/r/climatechange/comments/dmfe0v/facing_unbearable_heat_qatar_has_begun_to/
climatechange,/r/climatechange/comments/cxv5c1/im_petrified/
climatechange,/r/climatechange/comments/djv6io/renewable_electricity_overtakes_fossil_fuels_in/
climatechange,/r/climatechange/comments/dcwyvr/has_anyone_heard_of_dr_mototaka_nakamura_he_says/
climatechange,/r/climatechange/comments/cvexfr/climate_change_whats_the_worst_case/
climatechange,/r/climatechange/comments/d3s8a0/dirty_secret_gas_boosts_climate_warming_its_the/
climatechange,/r/climatechange/comments/d16ix4/battling_climate_change_from_space/
climatechange,/r/climatechange/comments/caoeo6/a_powerful_image/
climatechange,/r/climatechange/comments/cqimk3/earlier_data_showed_southern_ocean_could_emit_co₂/
