subreddit,permalink
climate,/r/climate/comments/bzg3l5/younger_republicans_are_much_more_likely_to/
climate,/r/climate/comments/c9sk7v/alaska_temperatures_rival_miami_amid/
climate,/r/climate/comments/dmrf5c/map_of_the_world_4_degrees_warmer_than/
climate,/r/climate/comments/cpu642/how_do_you_stay_motivated/
climate,/r/climate/comments/e49fh1/planes_can_plant_1_billion_trees_a_year_with_seed/
climate,/r/climate/comments/d38uv3/its_now_cheaper_to_build_new_renewables_than_it/
climate,/r/climate/comments/detqve/total_arctic_sea_ice_volume_since_1979/
climate,/r/climate/comments/d6ihdy/what_do_you_think_of_bjorn_lomborg/
climate,/r/climate/comments/dmwsjz/worst_case_scenario/
climate,/r/climate/comments/cpsq32/west_antarctica_is_meltingand_humancaused_climate/
