subreddit,permalink
climateskeptics,/r/climateskeptics/comments/bx9idp/why_china_gets_a_pass/
climateskeptics,/r/climateskeptics/comments/ciki8a/counter_point_to_climate_skepticism/
climateskeptics,/r/climateskeptics/comments/byztns/record_high_temperatures_year_of_record/
climateskeptics,/r/climateskeptics/comments/ck1967/treehugging_celebs_take_jets_to_extravagant/
climateskeptics,/r/climateskeptics/comments/cjf0ok/a_climatology_institute_in_potsdam_germany_says/
climateskeptics,/r/climateskeptics/comments/cfgqpr/can_you_explain_this_from_your_point_of_view/
climateskeptics,/r/climateskeptics/comments/c7umpf/the_climate_change_agenda/
