subreddit,permalink
Egalitarianism,/r/Egalitarianism/comments/bxg2ky/court_rules_woman_cant_have_embryo_implanted/
Egalitarianism,/r/Egalitarianism/comments/cs2yyi/a_f_kindergarten_teacher_was_set_up_by_a_power/
Egalitarianism,/r/Egalitarianism/comments/db9ky7/men_and_women_are_very_or_is_it_slightly_different/
Egalitarianism,/r/Egalitarianism/comments/cmyf4h/im_so_tired_of_everything_bad_being_attributed_to/
Egalitarianism,/r/Egalitarianism/comments/cxobge/man_convicted_of_domestic_abuse_stabs_and_kills/
Egalitarianism,/r/Egalitarianism/comments/c0mu5d/compliments_between_the_sexes/
Egalitarianism,/r/Egalitarianism/comments/e71amp/psychological_abuse_by_a_male_caregiver_is_a/
Egalitarianism,/r/Egalitarianism/comments/czzqcl/man_jailed_for_28_years_because_his_neighbor/
Egalitarianism,/r/Egalitarianism/comments/cp14w1/misandrist_pos_will_resort_to_abortion_in_the/
Egalitarianism,/r/Egalitarianism/comments/by0awf/equality_at_the_box_office/
Egalitarianism,/r/Egalitarianism/comments/ca6f7w/a_young_feminists_compassionate_view_of_men/
Egalitarianism,/r/Egalitarianism/comments/cugsst/fertility_doctor_who_used_own_sperm_surrenders/
Egalitarianism,/r/Egalitarianism/comments/bx949d/mexico_city_drops_genderspecific_school/
Egalitarianism,/r/Egalitarianism/comments/d5jnzl/for_everyone_who_says_that_no_woman_would_make_a/
Egalitarianism,/r/Egalitarianism/comments/caa6kv/why_dont_mras_go_to_3rd_world_instead_of/
Egalitarianism,/r/Egalitarianism/comments/cz61zw/sexual_assault_of_men_played_for_laughs_pop/
