subreddit,permalink
GunsAreCool,/r/GunsAreCool/comments/dfxeem/south_carolina_car_dealership_offers_free_bible/
GunsAreCool,/r/GunsAreCool/comments/cz2ibi/tourists_boycott_texas_as_gun_laws_loosened_after/
GunsAreCool,/r/GunsAreCool/comments/coxh81/cop_points_gun_at_photog_because_he_doesnt_know/
GunsAreCool,/r/GunsAreCool/comments/cpbxyp/kellyanne_conway_blames_obama_and_pelosi_for/
GunsAreCool,/r/GunsAreCool/comments/cp46gx/schumer_bill_would_require_fbi_to_regulate_body/
GunsAreCool,/r/GunsAreCool/comments/doo93f/packing_heat_in_a_goodwill/
GunsAreCool,/r/GunsAreCool/comments/dlhb88/fox_friends_promotes_the_reliant_a_faithbased/
GunsAreCool,/r/GunsAreCool/comments/chlkq4/16yearold_boy_shot_himself_in_private_parts_while/
GunsAreCool,/r/GunsAreCool/comments/crq29u/a_black_teen_ran_out_with_a_2_beer_then_a/
GunsAreCool,/r/GunsAreCool/comments/c7ni1t/gop_oregon_lawmaker_who_threatened_to_shoot/
GunsAreCool,/r/GunsAreCool/comments/cqxc5d/fox_news_poll_67_of_americans_support_banning/
GunsAreCool,/r/GunsAreCool/comments/bxzvtg/banned_from_guns_texas_gave_him_a_license_anyway/
