subreddit,permalink
NuclearPower,/r/NuclearPower/comments/c0bwtf/nuclear_facts_feelings_and_fantasy_sannah_van/
NuclearPower,/r/NuclearPower/comments/d8lue5/lftr_based_on_shipbuilding_technology_and_common/
NuclearPower,/r/NuclearPower/comments/c08rox/using_license_experience_to_get_a_job_outside/
NuclearPower,/r/NuclearPower/comments/cyz04k/heres_a_question_you_should_ask_about_every/
NuclearPower,/r/NuclearPower/comments/dry85s/guess_who_will_commission_a_brand_new_coalfired/
NuclearPower,/r/NuclearPower/comments/cw8scn/fusion_vs_fission_why_is_fusion_heralded_as_the/
NuclearPower,/r/NuclearPower/comments/chovya/china_starts_construction_at_3_nuclear_projects/
NuclearPower,/r/NuclearPower/comments/cxlcka/technical_discussion_of_fukushima_daini/
NuclearPower,/r/NuclearPower/comments/cuexs9/shortlived_nuclear_waste/
NuclearPower,/r/NuclearPower/comments/cat5af/a_little_help_please/
NuclearPower,/r/NuclearPower/comments/cdbgt0/how_deadly_is_radioactive_falloutexplained/
NuclearPower,/r/NuclearPower/comments/dtg636/heu_minimization_in_the_us_navy/
