subreddit,permalink
nuclear,/r/nuclear/comments/chonh8/how_its_made_candu_fuel_bundles/
nuclear,/r/nuclear/comments/csj7q1/nuclear_jobs_near_a_major_city/
nuclear,/r/nuclear/comments/d97gp2/sad_time_in_pa/
nuclear,/r/nuclear/comments/cpgvz6/nuclear_power_is_zerocarbon_and_one_of_the_best/
nuclear,/r/nuclear/comments/cr08yz/norway_detects_radioactive_iodine_days_after/
nuclear,/r/nuclear/comments/cwc9gn/how_are_fuel_rods_put_in_and_taken_out_of_the/
nuclear,/r/nuclear/comments/e7d6lq/there_is_a_special_method_can_help_the_north/
nuclear,/r/nuclear/comments/c8dqyn/air_quality_and_health_impacts_of_potential/
nuclear,/r/nuclear/comments/dcuthn/sandia_labs_supercritical_co2_turbine/
nuclear,/r/nuclear/comments/bxfit4/painful_to_watch_these_selfproclaimed_nuanced/
nuclear,/r/nuclear/comments/c8tflv/we_need_to_talk_about_nuclear_power/
nuclear,/r/nuclear/comments/dqo1eh/indian_nuclear_power_plant_confirmed_to_be/
nuclear,/r/nuclear/comments/d76ihi/how_do_we_make_nuclear_competitive/
nuclear,/r/nuclear/comments/cdgy3h/editorial_parties_must_close_gap_with_reality_in/
nuclear,/r/nuclear/comments/bw9ln3/anyone_interested/
