subreddit,permalink
prochoice,/r/prochoice/comments/bx8vdj/few_questions/
prochoice,/r/prochoice/comments/c8e89x/lets_give_credit_where_credit_is_due/
prochoice,/r/prochoice/comments/bx12q7/found_this_argument_and_i_have_yet_to_ask_an/
prochoice,/r/prochoice/comments/bx7zo3/do_you_think_sex_selective_abortions_should_be/
prochoice,/r/prochoice/comments/bwojpw/whats_your_argument/
prochoice,/r/prochoice/comments/bx6wju/abortion_equality/
prochoice,/r/prochoice/comments/c901yz/the_alabama_woman_who_faced_charges_after_being/
prochoice,/r/prochoice/comments/c8lrxx/cringey_fb_post/
