subreddit,permalink
progun,/r/progun/comments/bzn852/what_do_you_see_being_the_future_of_gun_rights_in/
progun,/r/progun/comments/d6cei6/dem_senator_turns_on_beto_hes_not_taking_my_guns/
progun,/r/progun/comments/bzq0rv/doing_some_good_for_the_2a_rather_than_bitching/
progun,/r/progun/comments/cq72c6/i_was_gonna_chew_out_a_liberal_spewing_racial/
progun,/r/progun/comments/cwp82c/are_you_more_at_risk_of_homicide_if_you_carry_a/
progun,/r/progun/comments/cqz70u/orourke_open_to_mandatory_gun_buyback_program/
progun,/r/progun/comments/d4pfwk/found_in_my_college_math_textbook_this_is_getting/
progun,/r/progun/comments/bwx3dg/australia_gun_control_in_action_the_way_they_tell/
progun,/r/progun/comments/csdtf4/a_panel_of_experts_discussing_gun_policy/
progun,/r/progun/comments/cx9g8c/no_ones_coming_to_take_your_guns/
progun,/r/progun/comments/cepzr7/sad_event_but_it_shows_mass_killings_wont_be/
progun,/r/progun/comments/cextcd/imagine_the_change_that_could_be_had_if_gun/
