subreddit,permalink
Veganism,/r/Veganism/comments/cz28sz/why_is_vegan_food_always_trying_to_recreate/
Veganism,/r/Veganism/comments/bx7mss/yourveganfallacyis_needs_your_ideas_for_clever/
Veganism,/r/Veganism/comments/c93c3k/i_was_banned_from_the_vegan_subreddit_and_i_had/
Veganism,/r/Veganism/comments/ea0wlf/we_need_to_stop_using_police_dogs_it_is_inhumane/
Veganism,/r/Veganism/comments/djjfw8/netflix_vegan_documentary_the_game_changers/
Veganism,/r/Veganism/comments/e6meoe/brain_fog_and_veganism_any_one_have_any_ideas_it/
Veganism,/r/Veganism/comments/d0sclv/is_having_children_selfish_antinatalism_debate/
Veganism,/r/Veganism/comments/cxd526/your_vegan_diet_is_not_cruelty_free/
