subreddit,permalink
VeganActivism,/r/VeganActivism/comments/e7wjpg/how_is_this_allowed_why_arent_we_arresting_the/
VeganActivism,/r/VeganActivism/comments/dntvlk/1_last_debate_point/
VeganActivism,/r/VeganActivism/comments/dtzq5n/hello_guys_i_am_working_at_a_a3_sheet_one_side_on/
VeganActivism,/r/VeganActivism/comments/clitb1/how_do_you_keep_up_with_the_negativity_of/
VeganActivism,/r/VeganActivism/comments/d89iew/richard_dawkins_called_out_by_vegan/
VeganActivism,/r/VeganActivism/comments/ce37jp/always_carry_a_card_you_never_know_when_youll/
VeganActivism,/r/VeganActivism/comments/c9txum/eggs_being_sexed_and_culled_before_hatching_will/
VeganActivism,/r/VeganActivism/comments/d8np7g/whats_the_alf_website/
VeganActivism,/r/VeganActivism/comments/coi1nd/dairy_propaganda_in_jamaica_backed_by_the/
VeganActivism,/r/VeganActivism/comments/cy3j7e/the_animal_alliance_network_group_in_la_added/
VeganActivism,/r/VeganActivism/comments/c9l7bk/went_to_my_first_slaughterhouse_vigil_and_the/
VeganActivism,/r/VeganActivism/comments/cmnrpo/this_is_incredibly_disturbing_a_city_event_where/
