subreddit,permalink
Vegetarianism,/r/Vegetarianism/comments/douw6y/nut_milk_makers/
Vegetarianism,/r/Vegetarianism/comments/bx7p7j/when_you_really_think_about_it_watchdominioncom/
Vegetarianism,/r/Vegetarianism/comments/e8g0d8/the_beyond_meat_burger_tastes_like_real_meat_but/
Vegetarianism,/r/Vegetarianism/comments/cln71a/vegetarian_in_asia/
Vegetarianism,/r/Vegetarianism/comments/cy5lnk/cold_all_the_time/
Vegetarianism,/r/Vegetarianism/comments/d8c7wx/small_adjustments_to_fight_iron_deficiency/
Vegetarianism,/r/Vegetarianism/comments/cckmsc/my_roommate_made_rice_the_other_day_to_share_with/
Vegetarianism,/r/Vegetarianism/comments/d8bwid/what_is_the_best_vegetarian_omega_3_fish_oil_you/
Vegetarianism,/r/Vegetarianism/comments/char70/advice_for_new_vegetarian/
